404.html	Page Not Found | Ali Al-Qarni	Page not found for Ali Al-Qarni's legal portfolio website.			Page not found	
about.html	About Ali Al-Qarni | Legal Specialist, Jeddah · Open to relocating to Riyadh	About Ali Al-Qarni, a licensed lawyer and legal specialist in Saudi Arabia with 4+ years of legal practice in construction and commercial contracts.	https://alialquarnilegal.com/about.html	https://alialquarnilegal.com/about.html	Professional legal practice grounded in contract, claims, and dispute advisory	index,follow
certificates.html	Certificates | Ali Al-Qarni - Licensed Lawyer	Certificates and professional documents of Ali Al-Qarni, Licensed Lawyer focused on contracts and disputes.	https://alialquarnilegal.com/certificates.html	https://alialquarnilegal.com/certificates.html	Certificates and professional documents	index,follow
commercial-contract-hearing-saudi-arabia.html	Commercial Contract Hearing in Saudi Arabia | Ali Al-Qarni	How to prepare for a commercial contract hearing in Saudi Arabia, including the chronology, evidence, pleadings, and hearing strategy.	https://alialquarnilegal.com/commercial-contract-hearing-saudi-arabia.html	https://alialquarnilegal.com/commercial-contract-hearing-saudi-arabia.html	Preparing for a Commercial Contract Hearing in Saudi Arabia	index,follow
contact.html	Contact | Ali Al-Qarni — Legal Specialist, Jeddah · Open to relocating to Riyadh	Contact Ali Al-Qarni for construction and commercial contracts, claim support, dispute resolution, and legal consultation in Saudi Arabia.	https://alialquarnilegal.com/contact.html	https://alialquarnilegal.com/contact.html	Connect for legal support and consultation	index,follow
contract-dispute-resolution-saudi-arabia.html	Contract Dispute Resolution in Saudi Arabia | Ali Al-Qarni	Contract dispute resolution in Saudi Arabia: a practical framework for negotiation, evidence, arbitration, and commercial court preparation.	https://alialquarnilegal.com/contract-dispute-resolution-saudi-arabia.html	https://alialquarnilegal.com/contract-dispute-resolution-saudi-arabia.html	Contract Dispute Resolution in Saudi Arabia	index,follow
education.html	Education & Certifications | Ali Al-Qarni — Legal Specialist, Jeddah · Open to relocating to Riyadh	Ali Al-Qarni holds a Bachelor’s Degree in Law from King Khalid University and an Attorney Practice License issued by Saudi Arabia's Ministry of Justice.	https://alialquarnilegal.com/education.html	https://alialquarnilegal.com/education.html	Academic foundation and ongoing professional development	index,follow
experience.html	Experience | Ali Al-Qarni — Legal Specialist, Jeddah · Open to relocating to Riyadh	Ali Al-Qarni's legal experience in Saudi Arabia includes contract drafting, litigation support, dispute resolution, and construction and contracting law practice.	https://alialquarnilegal.com/experience.html	https://alialquarnilegal.com/experience.html	Professional timeline	index,follow
expertise.html	Expertise | Ali Al-Qarni — Legal Specialist, Jeddah · Open to relocating to Riyadh	Ali Al-Qarni's legal practice covers contract drafting and review, claims and variation orders, government tenders and procurement, litigation, dispute resolution, and arbitration in Saudi Arabia.	https://alialquarnilegal.com/expertise.html	https://alialquarnilegal.com/expertise.html	Legal capabilities built around construction, contracting, and dispute resolution	index,follow
index.html	Ali Al-Qarni | Licensed Lawyer & Legal Specialist	Ali Al-Qarni is a licensed lawyer and legal specialist in Saudi Arabia focused on construction and commercial contracts, claims, and dispute resolution.	https://alialquarnilegal.com/	https://alialquarnilegal.com/	Ali Al-Qarni: Licensed Lawyer for Construction & Commercial Contracts in Saudi Arabia	index,follow
insights.html	Legal Insights | Ali Al-Qarni	Practical legal insights from Ali Al-Qarni on Saudi construction contracts, variation order claims, contract disputes, and litigation preparation.	https://alialquarnilegal.com/insights.html	https://alialquarnilegal.com/insights.html	Practical guidance on Saudi contracts and disputes	index,follow
resume.html	Resume | Ali Al-Qarni — Legal Specialist, Jeddah · Open to relocating to Riyadh	Ali Al-Qarni's resume outlines his legal specialist experience in Saudi Arabia across construction and commercial contracts, dispute resolution, and legal risk.	https://alialquarnilegal.com/resume.html	https://alialquarnilegal.com/resume.html	Ali Al-Qarni	index,follow
thank-you.html	Thank You | Ali Al-Qarni	Thank you for contacting Ali Al-Qarni.	https://alialquarnilegal.com/thank-you.html		Thank you for contacting me.	noindex, nofollow
variation-order-claims-saudi-arabia.html	Variation Order Claims in Saudi Construction Contracts | Ali Al-Qarni	A practical guide to variation order claims in Saudi construction contracts, including notice, records, valuation, and dispute prevention.	https://alialquarnilegal.com/variation-order-claims-saudi-arabia.html	https://alialquarnilegal.com/variation-order-claims-saudi-arabia.html	Understanding Variation Order Claims in Saudi Construction Contracts	index,follow